pot_num,train_energy_rmse,train_energy_atom_rmse,train_forces_rmse,val_energy_rmse,val_energy_atom_rmse,val_forces_rmse,train_time
1,0.2756558585540073,0.008614245579812729,0.19173623158978736,0.4439838822984693,0.013874496321827166,0.2771154614061617,66.6380118560046
2,0.2756558581064812,0.008614245565827537,0.1917362314395697,0.44398388042904574,0.01387449626340768,0.2771154617939321,81.74974367208779
3,0.2756558585535157,0.008614245579797366,0.19173623158977857,0.4439838822980862,0.013874496321815194,0.277115461406257,54.283984668552876
4,0.27565585859135094,0.008614245580979717,0.19173623158889044,0.44398388234233843,0.013874496323198076,0.277115461419253,49.14847764186561
5,0.27565585878319476,0.008614245586974836,0.19173623159612765,0.4439838839732183,0.013874496374163072,0.2771154614098852,65.66572127491236
