pot_num,train_epa_rmse,train_forces_rmse,val_epa_rmse,val_forces_rmse,train_time,steps,epochs,final_loss
1,0.21441801947673367,1.8677731378850928,0.43998232121644504,2.590837475062647,153.3020848557353,500,100,148.82685137230192
2,0.1013239350923457,1.8478698762802792,0.1698992384449504,2.4304930377068374,153.29125333204865,500,100,118.35492750646993
3,0.14585694247933906,2.472358791235101,0.2850791014127698,3.106613742008357,153.25117386505008,500,100,139.16686745611992
4,0.12178137024425655,2.8659611109924743,0.18758047756456042,3.6754700146362045,153.11852022260427,500,100,181.50928391532042
5,0.15082618816149418,1.625647171228487,0.2982091593282014,2.2700513027680973,152.92712796479464,500,100,96.79828221645062
