pot_num,train_energy_rmse,train_energy_atom_rmse,train_forces_rmse,val_energy_rmse,val_energy_atom_rmse,val_forces_rmse,train_time
1,0.27565585895840106,0.008614245592450033,0.1917362314178961,0.44398388043979964,0.013874496263743739,0.2771154606018254,59.70664930343628
2,0.27565585855350627,0.008614245579797071,0.19173623158978648,0.4439838822984456,0.013874496321826425,0.27711546140632215,88.32261762022972
3,0.2756558585533931,0.008614245579793534,0.1917362315897948,0.443983882298753,0.013874496321836032,0.2771154614062933,47.78882697597146
4,0.2756558585501835,0.008614245579693234,0.19173623158978678,0.4439838822903064,0.013874496321572075,0.27711546140756843,50.365920435637236
5,0.27565585853881497,0.008614245579337968,0.19173623158991043,0.4439838822635359,0.013874496320735497,0.27711546140210014,48.06423261761665
